-- Insert data into Employee table
INSERT INTO Employee (id, first_name, last_name, date_of_birth, address_line1, post_code, contact_number) VALUES
                                  (1, 'Noah', 'Smith', '1998-04-12', '123 Oak Street', 'NG1 1AA', '07123456701'),
                                  (2, 'Alice', 'Johnson', '1997-09-21', '456 Elm Street', 'NG1 2BB', '07123456702'),
                                  (3, 'David', 'Brown', '1990-06-30', '789 Pine Street', 'NG1 3CC', '07123456703'),
                                  (4, 'Olivia', 'Williams', '1993-12-10', '321 Birch Street', 'NG1 4DD', '07123456704'),
                                  (5, 'Sam', 'Jones', '1989-08-15', '654 Cedar Street', 'NG1 5EE', '07123456705'),
                                  (6, 'Emma', 'Taylor', '1995-07-25', '987 Walnut Street', 'NG1 6FF', '07123456706'),
                                  (7, 'Ian', 'Davies', '1992-03-18', '111 Maple Street', 'NG1 7GG', '07123456707'),
                                  (8, 'Sophia', 'Evans', '1996-11-03', '222 Willow Street', 'NG1 8HH', '07123456708'),
                                  (9, 'Lucas', 'Thomas', '1991-05-19', '333 Cherry Street', 'NG1 9II', '07123456709'),
                                  (10, 'Paul', 'Roberts', '1994-01-27', '444 Ash Street', 'NG2 1JJ', '07123456710'),
                                  (11, 'Henry', 'Walker', '1988-04-04', '555 Beech Street', 'NG2 2KK', '07123456711'),
                                  (12, 'Leo', 'White', '1987-06-14', '666 Fir Street', 'NG2 3LL', '07123456712'),
                                  (13, 'Jack', 'Hall', '1990-09-09', '777 Spruce Street', 'NG2 4MM', '07123456713'),
                                  (14, 'Charlie', 'Allen', '1993-02-22', '888 Poplar Street', 'NG2 5NN', '07123456714'),
                                  (15, 'Ethan', 'Young', '1995-10-10', '999 Palm Street', 'NG2 6OO', '07123456715'),
                                  (16, 'Rachel', 'King', '1997-08-01', '101 Chestnut Street', 'NG2 7PP', '07123456716'),
                                  (17, 'Liam', 'Wright', '1992-12-05', '202 Redwood Street', 'NG2 8QQ', '07123456717'),
                                  (18, 'Grace', 'Scott', '1986-11-17', '303 Hemlock Street', 'NG2 9RR', '07123456718'),
                                  (19, 'Kate', 'Green', '1989-03-08', '404 Hawthorn Street', 'NG3 1SS', '07123456719'),
                                  (20, 'Benjamin', 'Adams', '1991-07-23', '505 Alder Street', 'NG3 2TT', '07123456720');

    -- Insert data into Contract_Data table
INSERT INTO Contract_Data (id, hourly_rate, max_hours_per_week, min_hours_per_week, start_date, end_date, role, employee_id) VALUES
     (1, 12.50, 40, 25, '2010-06-15', NULL, 'cook', 1),
     (2, 12.50, 45, 30, '2012-03-01', '2022-07-10', 'team_member', 2),
     (3, 11.00, 35, 20, '2011-08-20', NULL, 'team_member', 3),
     (4, 11.00, 40, 25, '2013-01-10', '2020-05-30', 'team_member', 4),
     (5, 13.00, 30, 20, '2015-09-25', NULL, 'cook', 5),
     (6, 13.00, 40, 28, '2016-11-03', '2023-01-01', 'cook', 6),
     (7, 13.00, 35, 25, '2017-05-15', NULL, 'team_member', 7),
     (8, 12.50, 30, 20, '2014-02-22', '2019-09-18', 'team_member', 8),
     (9, 11.00, 35, 22, '2009-07-08', NULL, 'cook', 9),
     (10, 12.50, 30, 20, '2010-12-12', '2021-04-04', 'team_member', 10),
     (11, 12.00, 40, 30, '2018-03-17', NULL, 'cook', 11),
     (12, 18.00, 40, 35, '2019-10-09', NULL, 'cook', 12),
     (13, 13.00, 35, 25, '2015-01-28', '2022-11-14', 'team_member', 13),
     (14, 12.00, 30, 20, '2007-04-19', NULL, 'team_member', 14),
     (15, 12.50, 35, 25, '2011-11-05', '2020-06-01', 'team_member', 15),
     (16, 13.00, 30, 20, '2013-06-13', NULL, 'cook', 16),
     (17, 13.00, 35, 28, '2016-08-21', '2023-12-31', 'cook', 17),
     (18, 18.00, 40, 30, '2019-01-01', NULL, 'cook', 18),
     (19, 18.00, 30, 20, '2010-03-30', '2021-07-22', 'team_member', 19),
     (20, 11.00, 35, 25, '2008-09-14', NULL, 'team_member', 20);


-- Insert data into Preferences table
INSERT INTO Preferences (id, weekly_hours, employee_id) VALUES
    (1, 30.1, 1),
    (2, 34.8, 2),
    (3, 27.5, 3),
    (4, 32.3, 4),
    (5, 27.7, 5),
    (6, 32.1, 6),
    (7, 28.5, 7),
    (8, 22.1, 8),
    (9, 29.9, 9),
    (10, 22.6, 10),
    (11, 28.9, 11),
    (12, 31.6, 12),
    (13, 26.9, 13),
    (14, 23.2, 14),
    (15, 25.3, 15),
    (16, 21.3, 16),
    (17, 26.6, 17),
    (18, 33.5, 18),
    (19, 22.5, 19),
    (20, 26.7, 20);